url,label
https://fitgirrl-repacks.us/wallet/verify,1
https://fitgirl-rrpacks.net/login/secure,1
http://fitgirl-re-packs.site/confirm/account,1
http://fitgirll-repacks.icu/wallet/verify,1
http://repack-fitgirl-repacks.cc/login?session=expired,1
http://fitgirl-repacks-e.com/login/secure,1
https://fitgirl-repacks-support.com/signin,1
http://login-fitgirl-repacks.online/secure/login,1
http://fitgirl-repacks-download.org/account/verify,1
https://download-fitgirl-repacks.org/security/check,1
https://fitgirrl-repacks.us/login,1
https://fitgirl-repacks-3.cf/secure/login,1
https://fitgirl-repacks-login.online/login,1
http://secure-fitgirl-repacks.us/secure/login,1
https://fitgirl-repacks-torrent.net/banking/login,1
http://fitgirl-r-epacks.biz/signin,1
https://fitgirl-repacks-support.com/security/check,1
https://torrent-fitgirl-repacks.net/account/update,1
https://fitgix.com/verify?token=abc123,1
http://fitgir.com/login/secure,1
https://fitgirl-repacksgame.com/account/verify,1
https://fitgirl-.com/verify,1
https://fitgirl-repacks-torrent.net/verify/account,1
https://fitgirl-repacksdownload.org/login,1
https://fitgirl-repacks-crack.io/account,1
http://verify-fitgirl-repacks.gq/account/verify,1
http://fitgirp-repacks.vip/login?session=expired,1
http://secure.fitgirl-repacks.info/payment/verify,1
https://fitgirl-repacks-support.com/auth/verify,1
http://fitgirl-repacks-secure.us/verify/account,1
https://fitgirl-depacks.us/security/check,1
https://fitgirl-repacks-torrent.net/verify?token=abc123,1
http://verify-fitgirl-repacks.gq/login?session=expired,1
https://fitgirl-repackstorrent.net/verify?token=abc123,1
http://fitgirl-repackss.com/account/update,1
https://fitgirl-repackstorrent.net/account,1
https://login.fitgirl-repacks.info/account/verify,1
http://repack-fitgirl-repacks.cc/account/update,1
http://fitgirl-repacks-update.com/signin,1
http://fitgirl-repacks-update.com/account,1
https://fitgirl-repacks-crack.io/auth/verify,1
https://fitgirl-repacksh.vip/confirm/account,1
http://verify-fitgirl-repacks.gq/password/reset,1
http://secure.fitgirl-repacks.info/account/verify,1
https://fitgirl-repackstorrent.net/login,1
https://fitgix.com/login/secure,1
https://fitgirl-repacksdownload.org/signin,1
http://fitgirl-repacks-official.com/secure,1
https://fitgirl-repacksrepack.cc/confirm/account,1
http://fitgirl-repackscrack.io/banking/login,1
https://paypal-c.website/account,1
http://paypal-verify.pw/login?session=expired,1
https://paypal-account.games/payment/verify,1
https://paypalsecure.pro/password/reset,1
https://paypalpayment.tk/account/verify,1
https://paypal2.to/account,1
https://paypalq.games/login?session=expired,1
http://paypal-account.in/confirm/account,1
http://verify-paypal.pw/secure/login,1
http://paypalaccount.in/account/update,1
http://paypap.tk/login,1
http://paypaln.io/wallet/verify,1
http://paypal-update.cf/login,1
https://paypao.us/account/verify,1
http://paypap.tk/wallet/verify,1
https://secure-paypal.ml/secure/login,1
https://paypax.com/login,1
https://paypal-c.website/password/reset,1
https://paypal2.to/payment/verify,1
http://paypal-secure.pro/auth/verify,1
https://paypallogin.in/secure/login,1
https://paypalq.games/password/reset,1
http://paypalw.com/login?session=expired,1
http://paypal-9.top/account,1
http://paypap.tk/verify,1
http://www.paypal-secure.in/login/secure,1
http://paypal-account.in/login/secure,1
http://paypalt.pw/verify?token=abc123,1
http://paypal-secure.ml/payment/verify,1
http://login.paypal.in/login?session=expired,1
https://secure-paypal.ml/account,1
http://secure-paypal.pro/login/secure,1
http://payal.us/banking/login,1
https://login-paypal.online/security/check,1
https://paypalf.io/confirm/account,1
http://paypal-login.in/verify,1
http://paypal-9.top/account/suspended,1
https://paypal-official.com/login/secure,1
http://paypalverify.net/account,1
https://secure-paypal.ml/banking/login,1
https://paypal-payment.tk/payment/verify,1
http://payal.us/account/update,1
https://paypalsecure.pro/security/check,1
http://paypal-verify.pw/security/check,1
https://paypao.us/account/suspended,1
http://paypal-9.top/auth/verify,1
https://secure-paypal.ml/auth/verify,1
http://pahpal.games/account/verify,1
https://payment-paypal.tk/signin,1
https://paypal8.xyz/secure,1
https://www.google-secure.info/login?session=expired,1
https://update-google.pro/secure/login,1
https://secure-google.gq/auth/verify,1
https://verify-google.icu/confirm/account,1
https://recover-google.gq/secure,1
https://account-google.io/account/suspended,1
https://googleb.pw/wallet/verify,1
https://drive-google.org/secure/login,1
http://googles.icu/banking/login,1
http://googlem.to/verify,1
http://googles.com/payment/verify,1
http://google-account.to/secure/login,1
https://secure.google.info/verify,1
http://google-login.cc/password/reset,1
http://verify-google.info/confirm/account,1
http://google-official.com/account,1
http://login-google.vip/account/update,1
https://google-verify.info/signin,1
https://google-update.pro/auth/verify,1
https://google6.cc/wallet/verify,1
http://account-google.to/login,1
http://googles.icu/verify,1
https://drive-google.org/secure,1
https://secure-google.gq/verify,1
https://google-7.website/account/update,1
https://googlew.gq/login,1
https://secure.google.info/payment/verify,1
http://google-account.to/verify?token=abc123,1
https://google-a.online/verify?token=abc123,1
http://googlem.to/wallet/verify,1
https://google6.cc/payment/verify,1
http://google-c.pro/verify?token=abc123,1
http://login-google.vip/verify,1
https://secure.google.info/verify/account,1
http://googleaccount.to/secure/login,1
https://google-update.pro/signin,1
http://googledrive.org/security/check,1
https://googlx.com/wallet/verify,1
https://google-8.top/security/check,1
http://googlee.top/wallet/verify,1
http://googlee.top/verify?token=abc123,1
http://google-support.com/password/reset,1
https://google-secure.gq/account/verify,1
https://googlerecover.gq/banking/login,1
http://google-verify.icu/security/check,1
http://google-login.cc/payment/verify,1
http://login-google.vip/auth/verify,1
https://google-8.top/login,1
http://verify-google.info/account/suspended,1
http://googleaccount.to/banking/login,1
http://microsoft-support.com/signin,1
https://microsofts.com/login?session=expired,1
https://login.microsoft.org/account/update,1
https://microx.com/account,1
https://microsoftoffice.website/verify/account,1
http://microsoft-verify.website/account,1
https://microaoft.ml/account,1
http://microsoft-365.xyz/confirm/account,1
http://microsoftverify.org/secure/login,1
https://update-microsoft.icu/auth/verify,1
https://microsoftn.info/login/secure,1
http://microsoft-verify.website/secure/login,1
https://microsof.ml/account/suspended,1
http://microsoft2.tk/account/update,1
http://microsoftm.cf/secure/login,1
https://microsoftoffice.website/secure,1
https://microsoft6.org/login/secure,1
https://microsoftoffice.website/auth/verify,1
https://secure-microsoft.us/verify/account,1
http://microsoft-365.xyz/login,1
https://microsoftn.info/payment/verify,1
http://microsoftaccount.com/banking/login,1
https://microsoftlogin.gq/verify,1
https://microsoft365.xyz/secure/login,1
http://microsof.com/account,1
http://microsoftm.cf/banking/login,1
http://verify-microsoft.website/payment/verify,1
https://update-microsoft.icu/secure,1
https://microsoftoffice.website/login/secure,1
http://microsoft-verify.website/verify?token=abc123,1
https://microsoftn.info/confirm/account,1
http://office-microsoft.website/login?session=expired,1
http://microsofto.ml/confirm/account,1
http://microsoftm.cf/account/suspended,1
https://account-microsoft.io/verify/account,1
https://microsoft-4.in/security/check,1
http://microsoftaccount.com/payment/verify,1
http://microsoft-secure.us/secure/login,1
https://verify-microsoft.org/wallet/verify,1
http://micro-soft.io/verify,1
https://365-microsoft.xyz/password/reset,1
https://www.microsoft-secure.org/secure,1
http://office-microsoft.website/account,1
https://microsoft-4.in/verify?token=abc123,1
http://microsoft-account.io/verify,1
http://microsoftverify.org/account/verify,1
http://login-microsoft.biz/wallet/verify,1
https://microx.com/password/reset,1
https://microaoft.ml/security/check,1
https://microsoft6.org/account/suspended,1
https://icloud-apple.to/confirm/account,1
https://appke.us/auth/verify,1
https://apple-support.com/login?session=expired,1
https://login.apple.to/auth/verify,1
http://www.apple-secure.to/secure/login,1
http://account-apple.site/account/update,1
http://secure.apple.to/auth/verify,1
http://secure.apple.to/secure/login,1
https://login.apple.to/signin,1
http://login-apple.club/account/suspended,1
https://apple-account.site/verify/account,1
http://verify-apple.games/secure,1
https://update-apple.io/account/suspended,1
http://apples.com/verify?token=abc123,1
https://apple-b.top/account/suspended,1
http://apple-secure.website/password/reset,1
http://account-apple.tk/signin,1
http://apple-l.vip/signin,1
http://apple-h.cf/secure,1
http://apple-m.pro/account/suspended,1
https://appleverify.us/confirm/account,1
http://apple-g.cc/password/reset,1
http://apple-update.io/payment/verify,1
https://id-apple.website/security/check,1
http://login-apple.club/security/check,1
http://apple-n.vip/account/verify,1
https://appleid.website/password/reset,1
http://apple9.vip/payment/verify,1
http://secure-apple.website/login,1
https://appleid.website/login,1
http://apple-verify.us/verify/account,1
http://apple.com/verify?token=abc123,1
http://apple.com/banking/login,1
http://appld.org/signin,1
http://apples.com/login?session=expired,1
http://applec.website/auth/verify,1
http://apple6.tk/password/reset,1
https://id-apple.website/account/suspended,1
https://apple-login.club/login?session=expired,1
http://apple-n.vip/login?session=expired,1
https://appleverify.us/verify?token=abc123,1
https://login.apple.to/wallet/verify,1
http://apple-verify.games/account/verify,1
https://update-apple.io/secure,1
https://applee.to/secure,1
http://appld.org/confirm/account,1
http://spple.top/password/reset,1
http://verify-apple.games/account,1
https://apple-id.website/confirm/account,1
http://apple-g.cc/verify?token=abc123,1
http://facebookaccount.co/verify,1
http://facebook-login.pro/secure,1
http://facebook-official.com/account,1
http://facebook-security.online/account/suspended,1
https://secure.facebook.io/secure/login,1
http://account-facebook.net/login,1
https://facebo.com/account,1
http://login.facebook.io/account,1
http://faacebook.io/security/check,1
https://verify-facebook.club/wallet/verify,1
http://facebooksecurity.online/wallet/verify,1
http://account-facebook.net/secure,1
https://facebook-verify.club/signin,1
https://facebopk.info/login?session=expired,1
http://facebook-4.xyz/wallet/verify,1
https://facebook-verify.club/verify/account,1
https://www.facebook-secure.io/secure/login,1
http://facebook-login.to/wallet/verify,1
http://login-facebook.pro/confirm/account,1
https://facebook-check.top/auth/verify,1
http://login-facebook.pro/banking/login,1
http://facebook-official.com/login?session=expired,1
https://facebook-5.icu/payment/verify,1
https://verify-facebook.club/security/check,1
http://facebooks.com/account/suspended,1
http://facebooks.com/login/secure,1
http://facebooklogin.pro/confirm/account,1
http://account-facebook.net/verify?token=abc123,1
http://account-facebook.net/account,1
http://facebook-4.xyz/secure/login,1
http://facebook-update.com/verify?token=abc123,1
https://facebook-check.top/account/verify,1
http://check-facebook.top/auth/verify,1
http://facebook-account.co/wallet/verify,1
http://facebook-secure.club/account/update,1
http://facebookaccount.co/account/suspended,1
https://security-facebook.online/verify?token=abc123,1
http://login-facebook.to/login/secure,1
http://faacebook.io/secure/login,1
http://facebook-account.co/login/secure,1
http://facebook-update.com/secure/login,1
http://facebook-login.to/banking/login,1
http://account-facebook.co/secure,1
http://account-facebook.co/password/reset,1
https://security-facebook.online/signin,1
https://faceboik.vip/secure/login,1
https://fa-cebook.us/verify/account,1
https://facebook3.games/security/check,1
https://facebook-support.com/secure,1
https://security-facebook.online/account/update,1
https://amazon-e.gq/wallet/verify,1
https://amazonverify.online/payment/verify,1
http://amazon-support.com/verify/account,1
http://amazon.com/account,1
https://login.amazon.to/wallet/verify,1
https://amazoon.pro/verify/account,1
http://amazon.com/account/suspended,1
https://amazonu.us/payment/verify,1
https://amazons.com/secure,1
http://secure-amazon.games/auth/verify,1
http://update-amazon.xyz/verify,1
https://payment-amazon.us/auth/verify,1
http://amazonlogin.org/secure/login,1
http://amazonaccount.biz/verify,1
https://amazon-h.vip/verify/account,1
http://amazon-z.pw/account/update,1
https://amazon-account.biz/secure,1
https://amazonorder.to/signin,1
https://amazon-h.vip/wallet/verify,1
https://amazon-official.com/signin,1
https://order-amazon.to/login,1
http://amazon-o.site/login,1
https://amazpn.top/verify,1
https://amazon-official.com/secure/login,1
https://amszon.io/login/secure,1
https://account-amazon.biz/secure,1
http://amazox.com/confirm/account,1
http://www.amazon-secure.to/confirm/account,1
https://amazonverify.online/security/check,1
https://amazon-account.biz/secure/login,1
http://login-amazon.org/account/suspended,1
http://amazonaccount.biz/security/check,1
http://amazox.com/security/check,1
https://amazpn.top/signin,1
https://payment-amazon.us/banking/login,1
https://amazonverify.online/verify?token=abc123,1
http://update-amazon.xyz/password/reset,1
http://login-amazon.vip/verify?token=abc123,1
https://amazon-f.us/secure,1
http://amazon-secure.games/confirm/account,1
https://amazon-account.biz/verify,1
https://amazoon.pro/verify?token=abc123,1
https://amazon9.org/verify?token=abc123,1
https://amazon-order.to/verify,1
http://account-amazon.icu/wallet/verify,1
https://amazonorder.to/password/reset,1
http://amazon-verify.icu/login,1
https://amazon-h.vip/confirm/account,1
http://verify-amazon.online/account/verify,1
http://amazon.com/wallet/verify,1
https://vietcombank-banking.info/account/suspended,1
https://vietclmbank.pro/confirm/account,1
http://vietco.com/login?session=expired,1
https://secure.vietcombank.in/account,1
https://vietcombsnk.tk/security/check,1
http://vietcombankm.org/confirm/account,1
http://vietcombank-verify.website/security/check,1
http://vietcombankverify.website/security/check,1
http://vietcombank3.cf/login/secure,1
http://vietcomb.com/confirm/account,1
https://vietcombank-login.pro/secure,1
http://vietcombqnk.cf/account/verify,1
https://vietclmbank.pro/secure,1
https://vietcombank-update.us/signin,1
https://vietcombank-update.us/login?session=expired,1
https://vietcombank-j.us/payment/verify,1
https://vietcombanks.com/account/verify,1
https://vietcombank-login.info/payment/verify,1
http://viwtcombank.gq/security/check,1
https://login-vietcombank.info/login?session=expired,1
https://vietcombank-login.info/signin,1
http://vuetcombank.icu/banking/login,1
https://verify-vietcombank.website/login/secure,1
http://vietcombqnk.cf/wallet/verify,1
http://vietcombanksecure.cc/wallet/verify,1
http://vietcombankaccount.xyz/verify,1
http://vietcombank-y.cf/verify?token=abc123,1
http://vjetcombank.ml/secure,1
https://vietcombank-d.info/login?session=expired,1
https://banking-vietcombank.info/password/reset,1
http://vietcombank.com/verify/account,1
https://account-vietcombank.xyz/payment/verify,1
https://verify-vietcombank.in/banking/login,1
http://vietcombankt.ml/verify,1
http://vietcomb.com/auth/verify,1
http://vietcombank-support.com/security/check,1
https://vietcombank-account.online/secure/login,1
http://vietcombank-y.cf/login?session=expired,1
https://verify-vietcombank.website/account/update,1
https://vietcombanks.com/verify/account,1
https://login-vietcombank.pro/verify,1
https://login-vietcombank.pro/login?session=expired,1
http://vietcombank-support.com/verify?token=abc123,1
https://secure.vietcombank.in/verify?token=abc123,1
http://vuetcombank.icu/secure,1
https://vietcombank-verify.in/verify/account,1
https://vietcombsnk.tk/verify?token=abc123,1
https://vietcombank-account.xyz/secure/login,1
http://vietcombankaccount.xyz/account,1
https://login-vietcombank.pro/password/reset,1
https://secure-techcombank.gq/account/update,1
http://techcomb.com/security/check,1
https://verify-techcombank.org/signin,1
http://login-techcombank.us/banking/login,1
http://secure.techcombank.net/account/update,1
http://techcx.com/auth/verify,1
https://account-techcombank.net/login,1
https://techombank.ml/wallet/verify,1
http://teechcombank.pro/banking/login,1
https://account-techcombank.net/secure,1
https://secure-techcombank.gq/account/verify,1
http://techcombankbanking.top/verify?token=abc123,1
http://verify-techcombank.cc/secure,1
http://secure.techcombank.net/auth/verify,1
http://techcombank-k.cf/banking/login,1
https://techcombank-account.cf/secure,1
http://techcombankbanking.top/password/reset,1
http://techcombank-support.com/login/secure,1
http://login.techcombank.net/security/check,1
https://techcombank-secure.gq/signin,1
http://techcombank-login.us/verify?token=abc123,1
https://techcombank-secure.info/wallet/verify,1
http://techcombank-k.cf/login,1
http://www.techcombank-secure.net/password/reset,1
https://techcombbank.to/login,1
http://teechcombank.pro/auth/verify,1
https://techcombank-verify.org/signin,1
http://login-techcombank.us/account/update,1
https://techcombank-official.com/security/check,1
https://techombank.ml/secure/login,1
https://techcombankaccount.net/login?session=expired,1
https://techcombanksecure.info/account/suspended,1
https://techcombank-verify.org/verify/account,1
https://techcombank-secure.info/verify?token=abc123,1
https://secure-techcombank.info/signin,1
https://account-techcombank.net/verify/account,1
http://account-techcombank.cf/secure,1
http://account-techcombank.cf/verify/account,1
http://techcombank-login.us/security/check,1
https://secure-techcombank.info/verify?token=abc123,1
http://techcombanks.com/login?session=expired,1
https://techcombank-account.cf/account/verify,1
http://secure.techcombank.net/password/reset,1
http://techcombank-verify.cc/login/secure,1
https://account-techcombank.net/security/check,1
https://techcombank-official.com/verify?token=abc123,1
https://techc-ombank.ml/wallet/verify,1
https://techcombanklogin.us/account,1
http://verify-techcombank.cc/account/verify,1
http://techcombank-support.com/banking/login,1
http://momoaccount.club/confirm/account,1
http://momoaccount.club/account/update,1
http://login-momo.pw/confirm/account,1
https://momo-3.in/password/reset,1
http://verify-momo.cc/verify?token=abc123,1
http://momo-5.website/payment/verify,1
http://momo-wallet.pw/banking/login,1
https://secure.momo.to/login,1
https://momo-secure.site/account/verify,1
http://secure-momo.site/secure/login,1
http://momon.vip/wallet/verify,1
http://verify-momo.cc/verify/account,1
https://momo0.com/confirm/account,1
http://momoi.io/signin,1
http://login.momo.to/signin,1
https://secure.momo.to/verify?token=abc123,1
http://login-momo.pw/account,1
http://momon.vip/login?session=expired,1
http://momo-verify.info/verify?token=abc123,1
https://momo-verify.cc/account/update,1
https://login-momo.co/account,1
http://account-momo.club/banking/login,1
http://momowallet.pw/verify?token=abc123,1
http://account-momo.club/account/verify,1
https://momo.com/banking/login,1
http://momoverify.cc/verify?token=abc123,1
https://momo-v.cc/confirm/account,1
https://momo-secure.site/auth/verify,1
http://momoverify.cc/password/reset,1
http://momo-update.games/confirm/account,1
http://account-momo.club/login?session=expired,1
http://momo-verify.info/account/update,1
https://momom.info/login,1
http://momo-y.tk/banking/login,1
http://secure-momo.site/verify/account,1
https://momo-3.in/login/secure,1
http://mommo.us/wallet/verify,1
http://momon.vip/verify,1
http://momo-update.games/signin,1
http://momo-payment.tk/payment/verify,1
http://momoverify.cc/account/suspended,1
http://momo-login.co/secure/login,1
https://momo.com/payment/verify,1
https://momom.info/login/secure,1
https://momo8.org/secure,1
http://momo-verify.info/signin,1
http://www.momo-secure.to/login?session=expired,1
https://momo-x.vip/login/secure,1
https://momo-x.vip/payment/verify,1
https://momo-support.com/login?session=expired,1
